0,20.4895753969692
0.001,18.3499903798736
0.002,21.5874703439724
0.003,18.8222248516992
0.004,19.0519506903288
0.005,19.0956352166242
0.006,22.3433480007639
0.007,20.3095155098784
0.008,17.7219720866069
0.009,19.2063370461633
0.01,20.9600837514804
0.011,19.3304305129496
0.012,18.6302172428564
0.013,15.2327113784017
0.014,17.0423167301742
0.015,19.3216171857378
0.016,15.6460472789788
0.017,18.221713609995
0.018,18.0666869319162
0.019,17.6375842784505
0.02,17.0411152740285
0.021,20.5259639871784
0.022,15.3693497601685
0.023,20.1210331943998
0.024,17.9898612693236
0.025,17.957021961066
0.026,19.6772709650133
0.027,19.3139216565397
0.028,24.4904093600006
0.029,15.3630951402604
0.03,19.6531946079702
0.031,20.1817894143363
0.032,19.2742963791405
0.033,18.2344710057029
0.034,18.9828599781445
0.035,12.0880412984943
0.036,19.1492939939985
0.037,18.2324914456336
0.038,19.2733644626195
0.039,16.6449754786217
0.04,17.3551837786914
0.041,16.9818732278104
0.042,14.1122639259275
0.043,20.2219620761269
0.044,12.7886074920414
0.045,16.8901584609436
0.046,15.2205693155039
0.047,18.1160407446032
0.048,16.6976267089513
0.049,12.1203839166154
0.05,19.133128468829
0.051,14.7863799941173
0.052,13.3224266861131
0.053,14.5793379241468
0.054,17.2481799856138
0.055,15.2494881286102
0.056,10.2988087525726
0.057,18.6782707212757
0.058,15.0264906709086
0.059,17.5978454892928
0.06,17.6993429458261
0.061,16.3690325193837
0.062,15.554240471497
0.063,18.1351621387771
0.064,12.3214146277112
0.065,13.791417619497
0.066,12.4490839305644
0.067,13.9941789691263
0.068,11.8824171807346
0.069,17.4120587488716
0.07,15.0242508868034
0.071,15.6709274503739
0.072,15.7157099604299
0.073,17.7997477053735
0.074,13.0263478601408
0.075,11.4805637377096
0.076,11.9405075405123
0.077,15.1868803774468
0.078,14.3499140271252
0.079,14.4785400247185
0.08,14.281368453133
0.081,13.1540847993891
0.082,10.2238036239628
0.083,13.9774213046013
0.084,16.7036953900975
0.085,11.0411151856337
0.086,15.3468658212865
0.087,15.9953831584444
0.088,11.4740686016312
0.089,13.0177142489004
0.09,13.5105562198351
0.091,15.1002425882521
0.092,15.0071315402313
0.093,12.9886851724469
0.094,12.9189074564057
0.095,11.4760188790713
0.096,12.8567964588723
0.097,8.85601155791793
0.098,13.3596231972229
0.099,16.8304870751877
0.1,14.3897320102209
0.101,9.07079097682879
0.102,14.5668810107122
0.103,8.55505397436262
0.104,14.3348215917582
0.105,11.8249001076751
0.106,8.64553576413316
0.107,9.34666697912782
0.108,11.8592889117593
0.109,13.29652967997
0.11,9.74400546360919
0.111,8.95192245551067
0.112,9.78655062468617
0.113,12.5118758225818
0.114,12.7389624636752
0.115,11.0217914404721
0.116,13.6821790171979
0.117,10.4564003518397
0.118,11.8627019229784
0.119,8.63331175255674
0.12,11.0036117056397
0.121,10.8250808070154
0.122,9.35795089030331
0.123,9.46757220526224
0.124,11.4245099820486
0.125,11.8282122512416
0.126,7.59134416132753
0.127,8.7690803271717
0.128,12.5155068053812
0.129,10.8892610025259
0.13,13.6496683320288
0.131,8.80364565390843
0.132,9.07015002673962
0.133,8.92998524284824
0.134,8.93556619257509
0.135,11.4738177637953
0.136,11.1558557828212
0.137,17.1799644796743
0.138,11.6057850602622
0.139,4.59238024371217
0.14,7.41636474309856
0.141,9.20060050611815
0.142,7.15906278458892
0.143,7.83554939019797
0.144,8.22441050100451
0.145,7.42956613311651
0.146,4.6124116095929
0.147,8.1985588269532
0.148,6.09908215022844
0.149,8.58270531577412
0.15,2.87608482024557
0.151,8.09902239544385
0.152,7.37830307855371
0.153,8.36987816454894
0.154,6.49118245515908
0.155,5.28722373461336
0.156,7.06051335187955
0.157,7.756941977457
0.158,5.43108774596022
0.159,4.94293253656461
0.16,6.16464936803118
0.161,3.55650957007666
0.162,3.21999652446546
0.163,3.02175654077043
0.164,7.34969535705848
0.165,6.96959988385144
0.166,6.65732611495876
0.167,12.9121030411908
0.168,7.27065399567335
0.169,7.5562226860395
0.17,5.81908527841822
0.171,2.86916477395065
0.172,8.64874553539317
0.173,8.27529455781085
0.174,6.76442858046413
0.175,1.70112109161608
0.176,7.06436425344328
0.177,6.27895507248455
0.178,9.78707366272961
0.179,5.56308622343132
0.18,3.96808257634301
0.181,3.38999180275307
0.182,4.57399729660386
0.183,4.221274695388
0.184,7.16759736143678
0.185,9.45296218191854
0.186,2.38984668561742
0.187,4.37751043722771
0.188,4.24704561991484
0.189,1.01396820688356
0.19,4.85399933686174
0.191,3.4093423473908
0.192,3.11103862795424
0.193,6.61239056896316
0.194,5.48278415827951
0.195,2.62457980307942
0.196,5.72935333860294
0.197,3.17017878402116
0.198,2.58611569059414
0.199,3.70832248471182
0.2,1.62454752944889
0.201,2.75973694797335
0.202,2.45167297624753
0.203,2.83452055710795
0.204,3.07383669305887
0.205,7.17812936083867
0.206,4.68903972626892
0.207,2.07909299721626
0.208,4.85834191582846
0.209,4.53844751102539
0.21,4.71398130427176
0.211,2.8208807620663
0.212,-0.0492663159579267
0.213,3.7932104892565
0.214,3.19624862956609
0.215,0.521179862986329
0.216,6.36143936796071
0.217,2.02544314510168
0.218,4.48941107351494
0.219,0.889042039071727
0.22,5.8372349138809
0.221,2.58471597415607
0.222,2.16397585947216
0.223,5.02871198356978
0.224,2.96018887691025
0.225,6.93584935553194
0.226,7.30213058541183
0.227,3.97565078962817
0.228,8.79478694736784
0.229,2.7404975279573
0.23,2.36306483251312
0.231,1.58647035201887
0.232,1.75835994799424
0.233,5.18506425599836
0.234,3.61864348827557
0.235,6.06620685248454
0.236,5.25758379846968
0.237,3.48245116924656
0.238,3.95885205336482
0.239,3.23758656807424
0.24,5.47171580045143
0.241,4.67567905315143
0.242,6.90945704931211
0.243,-0.700590055372132
0.244,9.11645891351067
0.245,3.31107187203216
0.246,7.31741987644289
0.247,2.04760569258918
0.248,7.18425191976015
0.249,3.55031055975411
0.25,10.7479429153997
0.251,6.24073355257623
0.252,6.4689463422438
0.253,4.7814424110088
0.254,5.70814178083476
0.255,6.64029884659032
0.256,6.72289994049831
0.257,6.4299530254224
0.258,4.21114661653368
0.259,4.6390383522232
0.26,7.94527719226965
0.261,8.03869368033307
0.262,5.59748182676862
0.263,10.8447141089753
0.264,7.53548875365592
0.265,10.5156302821116
0.266,6.29587469845706
0.267,10.9960592177817
0.268,8.40809777131617
0.269,9.30269134830546
0.27,5.54423633922767
0.271,8.36624647471447
0.272,12.0595177048223
0.273,8.44807389846221
0.274,8.66518973415997
0.275,10.4855338880253
0.276,10.1140667319798
0.277,8.63112522321895
0.278,9.50600337430163
0.279,10.4882609328198
0.28,9.12265302153239
0.281,7.17071630222662
0.282,11.5918787840105
0.283,9.8699765498297
0.284,9.6546360042908
0.285,11.8920317305682
0.286,6.14719934186247
0.287,12.2391766823518
0.288,10.2635102314201
0.289,11.0338501895058
0.29,12.0341628704274
0.291,7.03883892038052
0.292,14.182186216799
0.293,10.1600899456184
0.294,5.98686359307785
0.295,7.34916876866349
0.296,13.2791134536517
0.297,11.1953325830628
0.298,10.8287381293394
0.299,11.6606590979253
0.3,9.18745465054835
0.301,11.9710107931659
0.302,10.3221339276279
0.303,11.9669987410448
0.304,14.7463341130244
0.305,12.9096956139245
0.306,14.5564978947462
0.307,14.2062285666642
0.308,12.151751108079
0.309,11.7112829136314
0.31,13.5759169586989
0.311,9.91972657422414
0.312,12.0972659466467
0.313,13.5417158335316
0.314,13.6734516630285
0.315,11.4444251013084
0.316,13.2185539864947
0.317,12.87944587812
0.318,10.6525033001509
0.319,11.2334055781064
0.32,12.3012415473539
0.321,15.4066986223564
0.322,14.8216079643914
0.323,16.1216782167771
0.324,15.3355795688065
0.325,14.3482170325713
0.326,13.8408551861528
0.327,14.2905998448567
0.328,16.5945794697622
0.329,14.6190065844488
0.33,16.2314181390139
0.331,14.2171911052966
0.332,10.2046011015509
0.333,13.8555259565031
0.334,14.8549756960882
0.335,13.3605048204956
0.336,14.6985184644026
0.337,11.884991737183
0.338,13.6482851455273
0.339,13.4955813441255
0.34,14.7414468557893
0.341,16.2195980936488
0.342,16.5336454421826
0.343,17.5955516154609
0.344,17.6207746543376
0.345,14.833898713108
0.346,18.8761024159151
0.347,16.0947615583932
0.348,14.0328294775761
0.349,14.2249397938562
0.35,14.300408807195
0.351,13.7409849179214
0.352,19.0071489754694
0.353,15.9912236533602
0.354,18.6432904807207
0.355,15.6927518151595
0.356,19.678515613195
0.357,17.6171399759543
0.358,15.135101717876
0.359,18.721315985004
0.36,18.4347394501077
0.361,14.2096260678287
0.362,14.6385424983828
0.363,17.8087986605063
0.364,16.228592739418
0.365,16.6933508415379
0.366,19.3640212429929
0.367,18.5343074129949
0.368,20.1441685721578
0.369,18.7317200374659
0.37,21.1590473671765
0.371,17.6387075591927
0.372,18.7270731405816
0.373,18.4184186566454
0.374,18.9130271797479
0.375,16.5655989253642
0.376,20.2412772902294
0.377,17.6742785719479
0.378,17.0300405050482
0.379,24.2807041567409
0.38,17.1831926639795
0.381,14.7653073137896
0.382,18.8757834124612
0.383,17.8037225880042
0.384,23.2791953351855
0.385,20.7799045560453
0.386,20.4168811000471
0.387,19.1569040253325
0.388,19.9512513772486
0.389,16.5506909376117
0.39,18.9555975988051
0.391,22.5739099619812
0.392,18.0731803236167
0.393,19.0202073100919
0.394,21.6991172019869
0.395,21.4140213702005
0.396,22.4468423183037
0.397,22.8418816338973
0.398,20.4236535152554
0.399,25.93012691297
0.4,21.0116671279917
0.401,23.1589314546276
0.402,21.2184222623025
0.403,22.1085284315976
0.404,18.7845244567309
0.405,22.5367515848728
0.406,21.3024165273203
0.407,19.0415215136768
0.408,22.6545370947913
0.409,17.5663697966437
0.41,23.0690584698014
0.411,24.435217361721
0.412,21.2667325131866
0.413,23.4614258089711
0.414,23.3412061324773
0.415,21.473087961995
0.416,23.0812722745548
0.417,20.6396941162645
0.418,24.4860254652579
0.419,25.1661223653533
0.42,23.2561845383068
0.421,22.3578857712991
0.422,27.4924510016508
0.423,20.1629688618223
0.424,26.5944665615307
0.425,25.5995438015401
0.426,26.1770899825595
0.427,26.6438305305547
0.428,19.103344350411
0.429,25.0847911121197
0.43,24.1274690818702
0.431,24.0324999274013
0.432,22.4127086883808
0.433,20.5233201158173
0.434,21.7410913795419
0.435,24.3249037391558
0.436,23.6053493644089
0.437,24.5703470079082
0.438,24.8615349722708
0.439,20.9819234055961
0.44,23.0800989334164
0.441,24.0256730465591
0.442,21.2699598150314
0.443,25.7501927762214
0.444,24.4909542067192
0.445,21.8828799086704
0.446,22.7303933083533
0.447,23.693776508295
0.448,21.0491560453073
0.449,18.492080399713
0.45,23.0291526908728
0.451,22.2173402345984
0.452,19.5611510994567
0.453,24.617132897174
0.454,22.8424777135356
0.455,21.5985056239942
0.456,22.7454660833179
0.457,21.7097983077904
0.458,20.1973425538452
0.459,17.8971346200669
0.46,20.3729956688558
0.461,21.8306961533633
0.462,19.0723602049369
0.463,18.9131138433057
0.464,23.5605061227601
0.465,22.1239686029396
0.466,22.1104549025307
0.467,16.2751679220319
0.468,19.376390569904
0.469,22.8109482577207
0.47,20.9686798354157
0.471,16.1071726152512
0.472,21.8775615319768
0.473,20.1870091522683
0.474,22.0195019825704
0.475,16.32740400425
0.476,21.5379535780024
0.477,18.7785118215802
0.478,20.4244824005954
0.479,15.4519070517037
0.48,20.4106383427888
0.481,14.4827765652343
0.482,19.7994447060373
0.483,19.0797530748903
0.484,19.1018113584375
0.485,20.602502651864
0.486,17.9822448913879
0.487,17.8723941118778
0.488,18.9885129743172
0.489,21.2927415985623
0.49,17.4749844832293
0.491,16.8914991627946
0.492,15.3329669844226
0.493,21.3236820831131
0.494,19.4680083842355
0.495,18.7784721571402
0.496,20.7261605294706
0.497,18.2063691940062
0.498,16.2886593705309
0.499,16.820655450056
0.5,18.805562106656
0.501,21.3044799497032
0.502,18.697197520663
0.503,16.6661504271297
0.504,17.0817190673802
0.505,17.8474348814563
0.506,16.326068459696
0.507,13.7190995820842
0.508,15.232429159956
0.509,15.2225124869018
0.51,14.3753523789414
0.511,15.3836874302257
0.512,16.4564380208727
0.513,14.3078127452202
0.514,15.5573419357003
0.515,17.807326892167
0.516,16.9692556778631
0.517,16.7658547146087
0.518,15.4672144529041
0.519,16.6857341500558
0.52,14.1755136632431
0.521,15.2448920081022
0.522,10.8448356887559
0.523,15.9446879581482
0.524,11.2029536411433
0.525,13.6140474181928
0.526,17.6460407030644
0.527,18.2755865418026
0.528,17.9650210802723
0.529,12.563180424262
0.53,13.123898917848
0.531,14.2808261204015
0.532,14.5470120299098
0.533,14.1739025929781
0.534,15.8278703033384
0.535,14.2036624989427
0.536,16.1602351654241
0.537,14.7433317436109
0.538,14.441331711872
0.539,12.8615904321422
0.54,14.6226766040027
0.541,15.4064690149302
0.542,16.2439012120474
0.543,14.5716199014348
0.544,10.218585718676
0.545,16.9417554642312
0.546,12.0355793027436
0.547,14.463089104812
0.548,7.27779562926076
0.549,17.7919752692575
0.55,10.4383574024549
0.551,11.2695002620036
0.552,11.9077142786064
0.553,13.1012156447063
0.554,10.2769467246099
0.555,14.2816920786254
0.556,8.15476374478312
0.557,12.0574292543208
0.558,12.230576957811
0.559,11.3078672435269
0.56,8.1919214776518
0.561,12.3902082887616
0.562,9.73204607884401
0.563,12.8618528637696
0.564,10.98042625388
0.565,12.9889877663578
0.566,12.7000305381754
0.567,11.6926045076501
0.568,11.5660530147723
0.569,10.4958748254891
0.57,12.2875813412983
0.571,8.99922355261129
0.572,10.4165095503141
0.573,10.3758470565613
0.574,9.66005530102336
0.575,9.59785644172831
0.576,9.21502271090423
0.577,11.3113491500822
0.578,13.0524115847452
0.579,12.263444625286
0.58,7.32512370704431
0.581,10.1204601161838
0.582,10.5517179390902
0.583,7.94805646745351
0.584,9.25724797408404
0.585,10.8355320051699
0.586,7.45111914166134
0.587,9.23027535906918
0.588,11.0351783975628
0.589,8.90790217071878
0.59,11.1307824844073
0.591,9.84592952589185
0.592,7.47697566612554
0.593,11.6816977485917
0.594,9.01483020085493
0.595,5.77464632956274
0.596,6.87769297591913
0.597,6.32051025919886
0.598,3.62593600398294
0.599,7.9427229698026
0.6,8.51942008963664
0.601,8.9644133971104
0.602,8.81949199214393
0.603,8.69214063165385
0.604,6.15915777119827
0.605,5.38935413259737
0.606,8.16474979694657
0.607,6.10568218366693
0.608,7.56803655018268
0.609,6.06721669634412
0.61,6.65636073434812
0.611,9.16780133499255
0.612,5.72312540596202
0.613,1.77808749688625
0.614,5.98011008128681
0.615,7.02066432727449
0.616,8.80015590538015
0.617,5.82581853269828
0.618,6.35291036539121
0.619,7.33307035142236
0.62,7.42512295969951
0.621,8.28696302334776
0.622,4.2344000723438
0.623,7.0076840736068
0.624,4.65498735054652
0.625,5.93131754228985
0.626,8.23516939473315
0.627,4.52299424739626
0.628,8.50633516418206
0.629,5.26247208863526
0.63,4.09698625167487
0.631,6.52774221910826
0.632,3.05912054055413
0.633,4.0610755377691
0.634,4.18364657955915
0.635,3.03631715517869
0.636,5.95020174817583
0.637,6.54585715864853
0.638,3.18301842241641
0.639,5.97218658611714
0.64,2.25985021110316
0.641,5.32969452228702
0.642,2.40970234826323
0.643,2.32742695238882
0.644,6.19660720156284
0.645,3.35770694471802
0.646,1.88991828575576
0.647,4.39070338256738
0.648,2.3630105529008
0.649,0.729900830715293
0.65,3.83184345335207
0.651,1.05800316451342
0.652,4.28261160346486
0.653,-0.129263999363483
0.654,3.18476152937542
0.655,4.07755624239784
0.656,4.16618930274426
0.657,5.06880859893968
0.658,2.55412003120172
0.659,5.30842984587611
0.66,5.43474483581681
0.661,3.73020482984476
0.662,12.3704994618511
0.663,7.6426332420311
0.664,7.18157313634855
0.665,5.4200529474078
0.666,1.72602099656687
0.667,3.79701440613512
0.668,4.37298840691622
0.669,6.14110456123236
0.67,4.08114461855462
0.671,6.19875826009337
0.672,7.432553240594
0.673,5.23726622459479
0.674,3.39492012866693
0.675,6.30239755120772
0.676,6.81301342053947
0.677,3.28260122276242
0.678,8.58852725122684
0.679,6.16331121029948
0.68,4.91219734002565
0.681,5.44834310598631
0.682,8.26738792380292
0.683,6.48978959913561
0.684,6.29493583161446
0.685,5.27725814801196
0.686,7.27743702743428
0.687,4.66546788402886
0.688,7.20083285157787
0.689,13.6719092122372
0.69,6.77018909312211
0.691,5.73107249020849
0.692,8.6462592927619
0.693,5.64435935885654
0.694,5.91602053785513
0.695,6.72637941336096
0.696,7.02162051382713
0.697,7.78058038405274
0.698,8.399874179752
0.699,7.66760754472185
0.7,5.71285953397669
0.701,6.91649093616462
0.702,7.07482613249832
0.703,7.10514339447892
0.704,10.5321608615215
0.705,12.5930424240063
0.706,6.67450816765036
0.707,8.09649267592277
0.708,8.87714426348282
0.709,10.7500137657157
0.71,8.51034495120119
0.711,7.89950528521595
0.712,9.14354329672484
0.713,5.65116439715393
0.714,8.8683622555518
0.715,7.60274749652384
0.716,5.10432521794382
0.717,7.33047212201287
0.718,8.03078613456307
0.719,8.4798172418539
0.72,7.49623693203144
0.721,10.1545138621521
0.722,9.18569485796104
0.723,6.38936567875235
0.724,6.27319198276721
0.725,10.7185734435598
0.726,10.3810417643866
0.727,7.57305278036335
0.728,7.23379638785673
0.729,8.78017509912864
0.73,9.09983707442418
0.731,9.54085283305546
0.732,12.4753467645465
0.733,12.394417299427
0.734,8.13781408728836
0.735,11.1979931472824
0.736,11.525178054412
0.737,11.5236695396102
0.738,11.1002540778204
0.739,10.8094789706984
0.74,9.27817432158246
0.741,8.72324361219503
0.742,10.6445049682496
0.743,11.4155070854054
0.744,11.5252871215281
0.745,7.28247514507935
0.746,9.42918510719226
0.747,11.3181799632073
0.748,10.4390758152718
0.749,9.78357080088671
0.75,10.1053876552787
0.751,8.84841524155731
0.752,12.8343432230404
0.753,10.2535777739639
0.754,8.62723722456778
0.755,11.184445854832
0.756,8.99214747511777
0.757,11.4210144719659
0.758,10.6563028076848
0.759,12.8733257931298
0.76,8.43451514102721
0.761,11.0059345750212
0.762,11.7859508446084
0.763,9.7947867725871
0.764,11.4114915555955
0.765,12.5773446531351
0.766,9.24634763449295
0.767,12.6309938888231
0.768,14.38434591016
0.769,11.7997619954056
0.77,8.17889786823378
0.771,11.1004899760803
0.772,15.2575670860509
0.773,10.4782278215162
0.774,14.087759582317
0.775,11.3815657810053
0.776,10.5483011272883
0.777,12.3249411443065
0.778,11.6141506934816
0.779,13.9258750815254
0.78,11.745313532323
0.781,9.60980077322528
0.782,11.6829667746621
0.783,10.1955218617335
0.784,15.7646958441461
0.785,14.0679596286442
0.786,13.8768821442198
0.787,14.9412197053163
0.788,12.9891499361601
0.789,12.1985220897109
0.79,8.8016220633951
0.791,15.789492107496
0.792,12.3069744622459
0.793,14.0684556707583
0.794,13.155810920568
0.795,14.2195605429034
0.796,12.9294201151327
0.797,12.0750481472526
0.798,14.8637127914967
0.799,16.4120064781134
0.8,11.0991194375157
0.801,17.0695561220993
0.802,17.5138111126679
0.803,15.2899925166829
0.804,15.8141991237024
0.805,12.1269205916943
0.806,15.4565315946491
0.807,14.8305320259146
0.808,16.7210229964817
0.809,16.3797850257141
0.81,14.1861441972348
0.811,15.4587114665211
0.812,15.7970528860343
0.813,12.6765514376004
0.814,16.049409812558
0.815,14.2367350733598
0.816,14.7278742242097
0.817,16.5164300541736
0.818,15.7028378068208
0.819,17.3304583760331
0.82,13.5947168676503
0.821,13.8357727639527
0.822,14.2562567170209
0.823,14.6351084303923
0.824,15.4059818031818
0.825,13.7254252926913
0.826,19.7928879376033
0.827,16.1163835621934
0.828,18.5456963689301
0.829,14.0805446786761
0.83,13.5372011743697
0.831,13.4277032162442
0.832,16.6727740302912
0.833,16.6001678969817
0.834,14.0279416376831
0.835,11.8261298654903
0.836,13.085978747748
0.837,15.9097499601524
0.838,17.4093928712575
0.839,19.4722972570145
0.84,17.4314202042308
0.841,17.6092344204703
0.842,15.8093720640383
0.843,14.8137864304746
0.844,12.3958645719248
0.845,17.1129604049187
0.846,13.7758824278989
0.847,11.2091300564602
0.848,18.9465362416122
0.849,16.4412642654973
0.85,17.4679704039492
0.851,14.4244789984394
0.852,16.355335719373
0.853,17.1000689205826
0.854,21.3833222750664
0.855,18.2915372733461
0.856,15.6031108386365
0.857,16.4955986027407
0.858,14.858146648989
0.859,19.2730036122388
0.86,16.3112645348873
0.861,19.7712570798951
0.862,16.5146856760456
0.863,16.8857361180325
0.864,14.9253527060998
0.865,15.4824323458917
0.866,19.3173121152873
0.867,19.1512022910516
0.868,16.9543902081702
0.869,19.4450814283854
0.87,17.6340503218247
0.871,14.3787466521449
0.872,15.2521015511696
0.873,15.5522233120269
0.874,16.380724273419
0.875,17.5145759249214
0.876,17.4766411047596
0.877,15.8066051316325
0.878,17.7383680811305
0.879,15.0477267114956
0.88,17.7427032614277
0.881,13.3651661378624
0.882,16.8010075091141
0.883,18.9354205362671
0.884,17.4044762914954
0.885,19.8999319052955
0.886,16.6029510403459
0.887,17.5047548149246
0.888,16.2191793665054
0.889,16.5788957263812
0.89,18.4994676741819
0.891,17.8939420105458
0.892,14.0649631716465
0.893,16.939674702621
0.894,18.141905216383
0.895,16.1358477138616
0.896,15.0922705446745
0.897,17.5587372391564
0.898,18.531351355527
0.899,19.111628233185
0.9,22.0844417167762
0.901,19.3480477500611
0.902,18.0904654278156
0.903,18.2675955524656
0.904,18.7666427602564
0.905,18.3465957864049
0.906,16.5833020023803
0.907,13.6428827620517
0.908,17.1688222591716
0.909,14.1654175845015
0.91,16.767895608658
0.911,16.1149032654219
0.912,16.7893547228607
0.913,20.3278133801574
0.914,19.5263032011587
0.915,21.0781430823427
0.916,16.3068901034134
0.917,13.5450710245515
0.918,19.7314774704151
0.919,18.0947774647031
0.92,17.5024547465929
0.921,14.58955437778
0.922,17.2970906350683
0.923,15.3876152650977
0.924,16.7594065885958
0.925,15.6445592899662
0.926,16.0811130069411
0.927,20.4179536500348
0.928,21.1147227929232
0.929,16.0727739606261
0.93,16.0925398335415
0.931,18.5430865105345
0.932,18.7518200790142
0.933,13.9881492307999
0.934,15.5891684468447
0.935,14.8625479325455
0.936,18.0761243112836
0.937,19.7220628838113
0.938,16.3998919555252
0.939,18.3677979327466
0.94,15.6696503482241
0.941,16.2560383609093
0.942,19.7106597489211
0.943,17.5537269746113
0.944,18.2686521806124
0.945,18.9170443078282
0.946,15.0291406834435
0.947,18.8428860883653
0.948,15.645343120998
0.949,19.1217452787128
0.95,18.9453290116572
0.951,19.8559423972263
0.952,18.0373155517512
0.953,18.6970116161942
0.954,16.2954239961882
0.955,14.2105320759045
0.956,16.1435001643023
0.957,18.5430490962519
0.958,16.2495697135305
0.959,17.4120975472028
0.96,19.313907144018
0.961,20.3127996495132
0.962,17.0133298431792
0.963,15.5043862832891
0.964,15.7506689962792
0.965,20.937531553719
0.966,13.4740596372006
0.967,17.5870627323517
0.968,16.5248607081722
0.969,16.9928468235569
0.97,13.6175051524501
0.971,14.2411684461126
0.972,20.3413295472002
0.973,13.6654216499727
0.974,20.2075694192902
0.975,16.5500438827795
0.976,16.6911607805708
0.977,16.4420042961644
0.978,15.3319987291311
0.979,18.5826116150021
0.98,16.4987674119947
0.981,17.944388012537
0.982,19.1026258524588
0.983,17.8630555028603
0.984,17.119911603299
0.985,19.784100493353
0.986,14.8300125121677
0.987,15.2315009106304
0.988,16.8176313985287
0.989,13.4926540292539
0.99,18.3716912677422
0.991,16.0218243029287
0.992,16.5053432352965
0.993,16.042803628571
0.994,21.1637482002861
0.995,15.9732629581561
0.996,17.1580885983114
0.997,16.1926015274161
0.998,17.5168796974319
0.999,17.2848806795814
1,18.6692798971406
1.001,14.8136074604449
1.002,16.5010033461269
1.003,13.5626279181502
1.004,17.7241148728431
1.005,19.0716947494906
1.006,18.0139190256646
1.007,15.5232512728519
1.008,18.22527579496
1.009,16.1384122606055
1.01,16.8780987520796
1.011,18.1729685922791
1.012,13.9421726768319
1.013,15.4203665591946
1.014,16.3097103026364
1.015,17.7336871764324
1.016,16.7523656753519
1.017,16.8881247254894
1.018,16.2391043861478
1.019,20.866614108577
1.02,17.847183975347
1.021,15.2664368824002
1.022,18.0441825365957
1.023,12.9372810249367
1.024,19.029815748015
1.025,12.8919380031219
1.026,18.4050709634912
1.027,13.8539646390159
1.028,16.7748631347719
1.029,14.5860102037629
1.03,17.6682538666283
1.031,15.8683139502835
1.032,16.3248380990347
1.033,20.669394520107
1.034,15.1937007308539
1.035,18.9142304770677
1.036,15.6835630158254
1.037,16.4165615694782
1.038,19.7584751615503
1.039,18.1754877379604
1.04,18.1052650932075
1.041,19.5288592418565
1.042,16.0448480407181
1.043,16.8884766011157
1.044,18.0150752482652
1.045,17.674095024309
1.046,19.057765740794
1.047,13.7051159688042
1.048,15.4099379969388
1.049,14.7031659302047
1.05,14.1329568668539
1.051,18.4032061390061
1.052,16.342373343656
1.053,15.1158141405411
1.054,16.8293451213451
1.055,13.7525631483194
1.056,14.7838339126757
1.057,17.8558897450049
1.058,13.7714565585226
1.059,20.2399966967255
1.06,14.603353153019
1.061,17.1236080095178
1.062,15.7847236003705
1.063,16.8952731496264
1.064,18.0596882315511
1.065,19.6831741615668
1.066,19.6676621572616
1.067,16.3852888900544
1.068,16.8793831332983
1.069,17.7278551740628
1.07,20.5587518147958
1.071,19.0394165011185
1.072,13.918249467821
1.073,15.6508240612422
1.074,14.7890436592038
1.075,15.0807483191423
1.076,18.3160267039435
1.077,15.8661234651079
1.078,19.9268709039813
1.079,17.7003525236086
1.08,17.212815670883
1.081,20.6827621410443
1.082,15.6337777478998
1.083,17.073459994519
1.084,17.482128886565
1.085,14.8930492616519
1.086,16.474722501661
1.087,13.1873453699244
1.088,18.0119454564329
1.089,19.6631142013753
1.09,16.4044003761673
1.091,11.3335017984635
1.092,19.3950174821632
1.093,12.9937146801123
1.094,12.9368763938819
1.095,13.6743896527776
1.096,14.7810981655011
1.097,12.4639948298323
1.098,21.2607583472103
1.099,13.2208514375168
1.1,16.7755118091561
1.101,16.2976325495648
1.102,13.1567855258465
1.103,12.9316024424217
1.104,18.057454978063
1.105,16.065353037498
1.106,12.3347479519986
1.107,13.8989482631553
1.108,14.1551059680665
1.109,15.5780545486013
1.11,16.1783102207669
1.111,16.1520264401715
1.112,16.0181297932261
1.113,14.5852323267101
1.114,17.2766660050758
1.115,12.1506853824666
1.116,17.9188408193475
1.117,15.0352656955798
1.118,16.5159845079413
1.119,13.0779960722172
1.12,11.8947789363181
1.121,14.4413398365057
1.122,14.2391148533029
1.123,14.1878135109997
1.124,13.5411965754558
1.125,14.4117961199636
1.126,13.9731029989372
1.127,11.3556499609345
1.128,10.0830115511092
1.129,13.6555483717316
1.13,13.0050207646362
1.131,13.5731778740233
1.132,9.53617128433625
1.133,11.1323494150305
1.134,12.7472363363952
1.135,14.959031440107
1.136,9.79551598803755
1.137,12.3750775034851
1.138,12.4733712358309
1.139,12.5277615022559
1.14,10.2570629049669
1.141,10.1666158941362
1.142,10.6249345199771
1.143,11.7810954818821
1.144,12.538733107562
1.145,15.6237695369398
1.146,8.21217825720499
1.147,13.3132332442521
1.148,13.3392118409594
1.149,10.9728835772745
1.15,9.20076805579457
1.151,10.3248449883154
1.152,10.2673377682765
1.153,12.0180071821651
1.154,11.2716876249884
1.155,12.13782479679
1.156,10.4671034918369
1.157,11.7204322037934
1.158,10.275535134811
1.159,13.9775175915236
1.16,8.90451513176492
1.161,11.7019574117383
1.162,14.6688434766716
1.163,8.91704794540481
1.164,10.1426562225236
1.165,11.4616405679428
1.166,10.0257776378086
1.167,11.6748609171634
1.168,10.280930163303
1.169,12.3445171650616
1.17,9.09971655126701
1.171,5.99750046115846
1.172,10.9544686581453
1.173,8.57722140530332
1.174,9.31368375003766
1.175,10.4034784154734
1.176,5.18367654783046
1.177,8.2662503929072
1.178,10.081569916192
1.179,4.26712204713402
1.18,6.5164619685907
1.181,7.03902172264682
1.182,7.62313820086221
1.183,9.84562677254058
1.184,5.78076084468712
1.185,8.10686600513711
1.186,9.54681005512572
1.187,9.1427371401679
1.188,8.25160818926331
1.189,9.15886507202469
1.19,11.1193333923084
1.191,8.1412356646326
1.192,11.0629633167791
1.193,11.3331415477468
1.194,6.69262930540174
1.195,6.79208487961106
1.196,8.71377635107594
1.197,5.9176223761229
1.198,4.03181405002681
1.199,7.80782279912097
1.2,8.05701892319994
1.201,7.50236103344484
1.202,5.10573684134073
1.203,6.16713959932614
1.204,8.93397776567537
1.205,7.15510160654321
1.206,6.33039539022052
1.207,5.49061259369009
1.208,5.8341663716359
1.209,6.54180818938243
1.21,7.01234490532942
1.211,4.92171696519641
1.212,4.25615056165308
1.213,6.25717530572693
1.214,6.41739561858843
1.215,6.08146173628621
1.216,4.70340548285441
1.217,2.5367295021556
1.218,5.43505605674333
1.219,7.43180506961928
1.22,9.24357662276851
1.221,6.57729019391158
1.222,6.13784075726165
1.223,6.3131157533298
1.224,5.52534910707602
1.225,3.60614961458212
1.226,3.93376194778576
1.227,2.77895583647414
1.228,4.70502373645292
1.229,5.28632493306463
1.23,6.52118053821849
1.231,3.94465485597194
1.232,2.76639326464757
1.233,5.25909904364359
1.234,1.65451634606814
1.235,2.36312001893433
1.236,1.16037424704177
1.237,4.41071625532465
1.238,4.86863441869475
1.239,2.11903597828738
1.24,3.59088062787724
1.241,5.27567628524215
1.242,4.36697099196771
1.243,3.26724882929072
1.244,3.87157570158966
1.245,3.32584536915113
1.246,1.02321029107525
1.247,4.52442892705095
1.248,4.98443607877046
1.249,3.86026804547858
1.25,3.97898375970974
1.251,3.98821693963576
1.252,3.80445436264024
1.253,2.13243927159897
1.254,3.76400870487228
1.255,3.87554595056215
1.256,5.56058328723334
1.257,-0.652902114547954
1.258,-0.413427251394443
1.259,3.88342491108681
1.26,4.75960530451534
1.261,3.04818710330524
1.262,-0.0573404579359154
1.263,1.11471749684024
1.264,4.20856634439424
1.265,4.56742433222091
1.266,3.44019476232187
1.267,-0.997371646493116
1.268,2.77354349612846
1.269,-2.09609734413705
1.27,2.16438486911282
1.271,1.3932724505684
1.272,3.0726908401515
1.273,1.22161667449593
1.274,-0.672387643717185
1.275,0.719502429839602
1.276,0.997472239443983
1.277,-1.82908182685937
1.278,1.70215496221448
1.279,-0.756093468373562
1.28,3.15919896465961
1.281,1.82436021882177
1.282,-0.225487755544665
1.283,-1.53433901724078
1.284,-2.74701494630074
1.285,2.32767285413343
1.286,3.15356928708746
1.287,1.18198506773771
1.288,-0.40271788705688
1.289,1.8582788987699
1.29,1.14189219594041
1.291,1.70968291161895
1.292,4.7431976717653
1.293,1.0138820088992
1.294,1.78341856025138
1.295,-0.671561766731725
1.296,0.36170870569339
1.297,3.99009183329867
1.298,0.964379135715614
1.299,-1.49834426889805
1.3,3.44588372609407
1.301,3.60196767940672
1.302,3.61409003522391
1.303,4.36094916518094
1.304,1.4978096895742
1.305,3.6793518299651
1.306,2.58716939095328
1.307,4.09652266284101
1.308,1.59856869530302
1.309,4.01192876925269
1.31,3.19244177459202
1.311,7.61957674553533
1.312,3.62823046606496
1.313,4.83506286039478
1.314,5.04091974891622
1.315,3.24636744098072
1.316,6.74670309158606
1.317,5.32267297031387
1.318,6.69163810975903
1.319,3.40946515842666
1.32,3.27525071729694
1.321,6.10656225694129
1.322,6.51984988612888
1.323,6.51214685944559
1.324,7.3695492813506
1.325,5.68180336082405
1.326,5.44807543234105
1.327,3.69619694794879
1.328,6.10677555821362
1.329,7.17992124099278
1.33,8.68707315572127
1.331,4.85245134914559
1.332,7.40068218460614
1.333,8.05184006421588
1.334,8.88749771034622
1.335,6.55742355850841
1.336,4.78931973195867
1.337,6.24240526691616
1.338,5.62657192390193
1.339,7.30158673712936
1.34,4.18407057206015
1.341,6.27478557315693
1.342,6.54023746765601
1.343,9.38878555958327
1.344,9.93817869730325
1.345,9.15675867564731
1.346,6.92243940129261
1.347,7.20077290756306
1.348,5.06787615614476
1.349,11.2698357371979
1.35,5.06306331524624
1.351,10.5388024052703
1.352,6.72172582758015
1.353,9.24344630120592
1.354,8.8030173374021
1.355,10.9699074864804
1.356,12.3196828532928
1.357,9.1415143446256
1.358,12.4402983798829
1.359,7.04777419101464
1.36,7.34375574670273
1.361,11.4672289470736
1.362,11.3841089688929
1.363,10.7276804920757
1.364,7.26291040799426
1.365,12.2268363469671
1.366,13.2513412732136
1.367,11.243641746019
1.368,10.7252044211339
1.369,9.11271975238006
1.37,10.898945652455
1.371,13.5257202220456
1.372,11.7557785935886
1.373,11.6889393389704
1.374,12.9667394433755
1.375,10.433652892616
1.376,11.317627308505
1.377,9.73323851975674
1.378,9.17227194566892
1.379,11.7699868948623
1.38,14.3605036472947
1.381,11.9075622328074
1.382,14.6473619362894
1.383,11.3146204859824
1.384,12.9085737118657
1.385,11.7694767965482
1.386,14.2860864687701
1.387,14.6469557978833
1.388,12.5556578810489
1.389,12.0537356869999
1.39,8.11398148261724
1.391,11.0742799992827
1.392,15.8872847915657
1.393,18.3115962117208
1.394,15.2330821912104
1.395,14.615042476854
1.396,15.7385689637881
1.397,11.4804640366399
1.398,17.0394327768374
1.399,15.4199615453477
1.4,13.5034905489783
1.401,15.3191140382043
1.402,15.5696647538759
1.403,15.7711214640278
1.404,17.6059634211787
1.405,16.0750964012938
1.406,16.1906908689748
1.407,18.9751416182521
1.408,11.670171601845
1.409,17.1282081714444
1.41,13.5979682357618
1.411,17.0474356363397
1.412,19.8537177041689
1.413,13.4599369664043
1.414,17.2053616838862
1.415,15.5651029660492
1.416,18.9046793278251
1.417,18.0015510026368
1.418,15.0875498880343
1.419,18.8510242742431
1.42,19.3556142717246
1.421,15.9841788596555
1.422,16.83915876397
1.423,20.9413399329107
1.424,17.5698154578336
1.425,20.1846517574596
1.426,21.521061141872
1.427,20.5302184844943
1.428,21.5921739984602
1.429,18.0155834023534
1.43,20.8258473086551
1.431,22.2095734222727
1.432,21.6170173262542
1.433,23.0562029689548
1.434,16.153019207083
1.435,21.2878559818148
1.436,20.1904115817791
1.437,20.4216006115918
1.438,22.3976128094412
1.439,20.2215511716956
1.44,21.574078446826
1.441,18.6932512375771
1.442,20.9413948433253
1.443,21.8604141449892
1.444,20.9241304752487
1.445,20.0690460594329
1.446,23.0891360506477
1.447,24.3958496478103
1.448,22.2900742908585
1.449,19.114191047058
1.45,21.6675314905447
1.451,21.5410734432886
1.452,16.8024450535577
1.453,21.4274892891232
1.454,23.3918475252415
1.455,23.6695065926178
1.456,18.3477077990153
1.457,21.9687536933499
1.458,24.28132779297
1.459,21.5052930082827
1.46,24.2684283651861
1.461,20.9563290952956
1.462,25.054109473602
1.463,26.1041079165791
1.464,25.0418125796529
1.465,23.1866920557298
1.466,23.5812746402353
1.467,22.5211655759423
1.468,23.0523507629096
1.469,25.3037814562319
1.47,24.3507228962082
1.471,24.6161454324115
1.472,26.1757671313299
1.473,25.7360291622336
1.474,25.1601415517813
1.475,26.8017972994678
1.476,25.0899308169022
1.477,22.5081314381801
1.478,25.031894040139
1.479,29.0935950138419
1.48,25.0137626413479
1.481,23.2476798002716
1.482,26.1153896573375
1.483,24.9654636886157
1.484,27.6741226019154
1.485,28.5210533203789
1.486,26.0682168164421
1.487,28.3515840723327
1.488,25.8272139225652
1.489,25.6181523931246
1.49,23.8650556181501
1.491,25.9772461338091
1.492,29.8431763219639
1.493,27.7046099325276
1.494,25.9675752085066
1.495,26.1904065182902
1.496,26.5790081791401
1.497,29.4018873214971
1.498,27.8142935467819
1.499,28.2916347581253
1.5,28.376061708447
1.501,27.7763628390176
1.502,24.6708580691126
1.503,30.6398941020511
1.504,24.6942924672039
1.505,22.5598827427961
1.506,26.8809231222922
1.507,29.1805814128964
1.508,27.6229718098442
1.509,27.1149632658202
1.51,27.2872762346598
1.511,28.3310910106615
1.512,28.3012640437888
1.513,29.0258707142487
1.514,25.9043319506602
1.515,25.4791272754301
1.516,28.9786452669332
1.517,26.6591879803831
1.518,25.8358208662193
1.519,24.8941793113567
1.52,25.0757329539027
1.521,26.3438434402501
1.522,28.1959620558946
1.523,24.8201662439766
1.524,30.0192041503209
1.525,29.9030225995732
1.526,29.3716085011433
1.527,27.044152275304
1.528,25.9382801390655
1.529,28.8473215656287
1.53,26.7445975473909
1.531,27.2199637093402
1.532,28.7433319498799
1.533,23.0136323336769
1.534,28.8388650259308
1.535,25.4553150184496
1.536,22.9904283086758
1.537,25.8485419527279
1.538,24.4992122365049
1.539,24.5473655695895
1.54,24.3353895084515
1.541,27.4387823067013
1.542,24.6727934553694
1.543,24.9742300939826
1.544,26.362339270165
1.545,23.2853637162014
1.546,27.7603023999596
1.547,20.6468872612485
1.548,25.1168892894748
1.549,24.6452059922089
1.55,27.2255868721409
1.551,26.5734344701142
1.552,26.9049355475242
1.553,24.66079046814
1.554,29.3361434859803
1.555,24.6305018173036
1.556,25.5425932001919
1.557,24.1009563547151
1.558,27.9964584288772
1.559,23.4908708461226
1.56,22.4946078889974
1.561,24.6871939322006
1.562,29.3812723460265
1.563,24.6879623559461
1.564,23.6738693096881
1.565,25.1538674738562
1.566,25.5387406691342
1.567,24.4555851061032
1.568,25.9631686849433
1.569,21.8700308569952
1.57,22.0430161714893
1.571,17.7519916301696
1.572,24.980343112877
1.573,27.659833119941
1.574,25.2053812623018
1.575,24.9297845697009
1.576,26.3302025859742
1.577,23.9117367919683
1.578,23.3346653109287
1.579,25.0463169236838
1.58,25.9117613784606
1.581,26.5358832804952
1.582,22.1424522524461
1.583,23.8464315662112
1.584,20.5174801153503
1.585,23.8494872543442
1.586,22.667559093377
1.587,25.0012468345748
1.588,25.0072040644941
1.589,26.0068260831125
1.59,26.6861110594479
1.591,26.9259097267985
1.592,19.929139635889
1.593,23.9503284346011
1.594,21.2716764541069
1.595,25.2580981587891
1.596,22.5297248938174
1.597,22.4172286503854
1.598,22.5077280584611
1.599,21.7779876336622
1.6,22.828065719277
1.601,25.6951787781901
1.602,24.9931524866112
1.603,23.6397039958078
1.604,22.865786497328
1.605,17.1173753642092
1.606,22.0406221380768
1.607,23.9544255624459
1.608,24.0290834465442
1.609,23.7641768528724
1.61,20.9778225823265
1.611,22.8792047632379
1.612,21.5761481089056
1.613,25.3861290076698
1.614,25.7223850326114
1.615,24.6647548155205
1.616,22.5767026604892
1.617,24.0835419532378
1.618,20.9906337034978
1.619,25.5159565856546
1.62,24.2133109583281
1.621,21.8515574862751
1.622,23.8421520408842
1.623,22.3916662431835
1.624,23.6984634991331
1.625,21.0510477179894
1.626,22.8891513757446
1.627,20.9913131032862
1.628,19.6336154086437
1.629,20.8928749965587
1.63,21.2471222786729
1.631,23.6922359449015
1.632,19.9881902491898
1.633,23.3385483203802
1.634,20.2042468743103
1.635,24.1089340412212
1.636,22.1238610804573
1.637,21.6171280215662
1.638,19.4554747016354
1.639,19.5328479773533
1.64,21.3301357257063
1.641,24.2687700125995
1.642,21.7989542730266
1.643,19.6143701186398
1.644,23.3743234720223
1.645,21.338861132068
1.646,23.2408577677773
1.647,20.3477537499436
1.648,21.7924144376529
1.649,18.5564640950404
1.65,19.6695900161971
1.651,22.6722762148317
1.652,22.300338806815
1.653,23.5844672921497
1.654,22.156916383764
1.655,21.4591848274291
1.656,22.5141682336619
1.657,22.6071960283565
1.658,23.2248752004487
1.659,24.0852587794391
1.66,22.3884621709831
1.661,20.5225576518205
1.662,18.1311995048579
1.663,19.4163707249296
1.664,19.0548018955003
1.665,19.5251279632466
1.666,23.5370523992509
1.667,18.7253498135842
1.668,21.8543768756207
1.669,17.5038544544669
1.67,19.8244623508755
1.671,20.2162998326531
1.672,19.2130498418683
1.673,22.3201155082379
1.674,19.5824948523565
1.675,22.6808153441377
1.676,18.8261836886817
1.677,17.7390072520262
1.678,21.2832971714701
1.679,23.8132798051339
1.68,22.6563421893341
1.681,22.0855039792565
1.682,21.187844081085
1.683,23.2129825935149
1.684,22.5472968936344
1.685,19.1252680440003
1.686,19.9978096711824
1.687,17.8997383645523
1.688,19.3152971578993
1.689,21.1612093268487
1.69,20.34745055868
1.691,17.4549532797625
1.692,21.9469118875704
1.693,21.4068262132652
1.694,21.7030108733776
1.695,19.9406867800747
1.696,21.2056810072449
1.697,20.243855819961
1.698,20.2748464416686
1.699,19.0030433968591
1.7,18.3462810750744
1.701,16.3077222669983
1.702,18.7490957084996
1.703,17.65249897021
1.704,17.4437799057154
1.705,18.1412205572248
1.706,19.6424273002223
1.707,16.0290686393751
1.708,19.0876238826822
1.709,18.0392421681345
1.71,15.1744243325989
1.711,13.7002345907705
1.712,20.3342871682696
1.713,17.6229010609273
1.714,19.780624130483
1.715,19.0004903296234
1.716,17.3535694301962
1.717,20.1049181149133
1.718,20.1086918906355
1.719,18.7984848201318
1.72,20.4736858455636
1.721,19.2545719961143
1.722,19.9812397776089
1.723,16.1958877793659
1.724,20.6661985939309
1.725,15.0396048774134
1.726,17.5539888443597
1.727,19.7621688339948
1.728,17.6267947009709
1.729,19.4860262479253
1.73,19.6950667013229
1.731,17.3022835711278
1.732,20.141427966574
1.733,19.1173008335147
1.734,18.6783642936367
1.735,20.4574950145207
1.736,18.245720235665
1.737,16.5849533884308
1.738,19.8384230419287
1.739,20.1044538980663
1.74,17.0551578733845
1.741,21.5554738447755
1.742,16.4133921323466
1.743,16.9341898138572
1.744,19.7398830615817
1.745,14.3409871010978
1.746,16.0259715553804
1.747,17.9191802700964
1.748,21.0527071096447
1.749,21.4800964026404
1.75,17.049182047091
1.751,17.3722638898645
1.752,19.4875538713465
1.753,20.6636372991951
1.754,23.8817028953627
1.755,19.4244163110763
1.756,20.3732563405069
1.757,17.912603880784
1.758,16.7950734343743
1.759,19.0448298190922
1.76,19.3164621252952
1.761,17.1857530877386
1.762,21.1494490862565
1.763,21.6501813424977
1.764,19.623379153922
1.765,21.5840952916018
1.766,17.7690573614213
1.767,16.154328818775
1.768,16.2697540208369
1.769,19.6689090280288
1.77,18.1710889958069
1.771,19.7623783714147
1.772,21.0393617378749
1.773,19.9680446780104
1.774,20.1028962032395
1.775,15.5065891782587
1.776,17.8578091640772
1.777,18.4678779665939
1.778,22.0136291747154
1.779,19.3085065639513
1.78,15.7913917152775
1.781,22.2334679947705
1.782,19.9439050754379
1.783,18.9924192257425
1.784,18.0020662895481
1.785,21.397708421716
1.786,17.294874404485
1.787,23.3743885055691
1.788,18.6348890768517
1.789,17.0632596485563
1.79,16.3074341388854
1.791,18.395142840067
1.792,19.1256569678272
1.793,18.2734837438685
1.794,17.6198611475568
1.795,20.186465359203
1.796,17.5127833592996
1.797,19.6188730466587
1.798,18.5427068021732
1.799,20.3504878875692
1.8,15.9712511322727
1.801,21.0165423257342
1.802,17.0431402088457
1.803,17.4091384546118
1.804,21.1442030204412
1.805,22.5769730813403
1.806,18.2919845770255
1.807,19.5650628525179
1.808,16.7537556361651
1.809,15.9357505676193
1.81,21.5129543165337
1.811,20.6700645160931
1.812,19.1101542296738
1.813,18.1516910537101
1.814,16.7099103980476
1.815,18.0877789071382
1.816,22.1992286859665
1.817,18.7373280368535
1.818,20.3636471356312
1.819,19.4208783061666
1.82,16.568253212719
1.821,15.8246332345071
1.822,21.3562646312328
1.823,19.7075371942233
1.824,24.9641318871846
1.825,18.9776950500284
1.826,20.5869622453177
1.827,19.5861043141662
1.828,18.0038659228608
1.829,17.6743866553476
1.83,17.3027216273439
1.831,21.3473274426756
1.832,18.2135514911127
1.833,17.3991595510006
1.834,18.9953205190626
1.835,17.9986653258634
1.836,19.1331228053586
1.837,15.6318769965078
1.838,16.9831140646353
1.839,19.5043987678417
1.84,17.8442936798251
1.841,18.1082417914789
1.842,23.1021846467246
1.843,21.9772771152861
1.844,18.9735526102177
1.845,17.019670125568
1.846,17.5509634603353
1.847,23.8711537608173
1.848,19.1886416780183
1.849,19.9942298676519
1.85,19.5236648837791
1.851,21.7337291337522
1.852,17.9410645076553
1.853,18.0084628774936
1.854,15.9189254640967
1.855,16.4483629150998
1.856,20.0496312411309
1.857,19.3426782508375
1.858,21.064670016873
1.859,18.5071798439955
1.86,20.4538377766718
1.861,21.046936810662
1.862,23.4092846805555
1.863,19.390683995833
1.864,19.2027293514434
1.865,19.7549320991212
1.866,19.7344176000608
1.867,19.2517414625067
1.868,23.3511176240911
1.869,22.0858375207623
1.87,18.5783825953865
1.871,21.278881016971
1.872,22.1191581016326
1.873,17.7720354120545
1.874,17.5011950866601
1.875,18.9629649352716
1.876,20.1214110310728
1.877,19.9078656775053
1.878,19.4689012619821
1.879,20.076625067893
1.88,17.7842620036266
1.881,17.9404489067192
1.882,20.4002430068496
1.883,19.3171181214959
1.884,18.8901591689547
1.885,16.3030715486199
1.886,20.1565003064693
1.887,20.5049856779168
1.888,16.9663137715366
1.889,19.3571437282422
1.89,19.7146975253784
1.891,21.3959649126591
1.892,18.3008200391506
1.893,18.5082975587179
1.894,18.1664141677763
1.895,16.2433280910161
1.896,19.9411346234996
1.897,20.444383868216
1.898,18.2196812504919
1.899,17.9260196570373
1.9,17.4822170923981
1.901,19.4540026746838
1.902,21.9884213244668
1.903,14.2084059378884
1.904,15.3381606919711
1.905,21.9571413870204
1.906,18.4503257660206
1.907,19.7665994045105
1.908,22.2587870492057
1.909,22.9564030796798
1.91,19.977898747083
1.911,21.2397880104308
1.912,20.3098077792242
1.913,20.8865595868733
1.914,19.2081345515337
1.915,16.9420413597173
1.916,21.0999239130361
1.917,21.2210038371736
1.918,19.1721348770811
1.919,18.8474333731173
1.92,17.0842550380193
1.921,18.9265359713061
1.922,18.810858173349
1.923,19.2613843498103
1.924,23.3198699475505
1.925,20.7372619428274
1.926,19.2318774987406
1.927,20.6409520645628
1.928,20.6381685513848
1.929,22.3703171941667
1.93,21.7404235814565
1.931,21.9627955424535
1.932,20.2665194151721
1.933,20.6336674014956
1.934,21.9930627977705
1.935,20.0127752616203
1.936,16.6800607515483
1.937,20.10777360454
1.938,17.8481546039824
1.939,19.5466809536837
1.94,18.6979647765852
1.941,18.244096469721
1.942,21.8593113479559
1.943,18.7913778018364
1.944,19.5236711454658
1.945,19.6345881979345
1.946,16.5955262593564
1.947,21.7563606026418
1.948,19.0913375515233
1.949,20.9535347646356
1.95,19.8597923501451
1.951,21.5405430976939
1.952,17.7645892424921
1.953,15.7752336941088
1.954,18.1504320717379
1.955,17.8658252197422
1.956,16.6803387558474
1.957,21.3564907928502
1.958,20.9168128519966
1.959,20.6532018232213
1.96,15.3377956810667
1.961,15.4676236916057
1.962,22.0173031590983
1.963,19.0299958582825
1.964,19.8803191565088
1.965,18.1129294236721
1.966,15.3346524894686
1.967,18.617565005451
1.968,18.1630499002854
1.969,24.0239893824373
1.97,16.3163296285715
1.971,17.8245403942355
1.972,16.6237353777053
1.973,22.4888924429261
1.974,19.9012337776427
1.975,16.0183103516265
1.976,19.0616984512476
1.977,15.8064662648627
1.978,17.7109871985136
1.979,24.3907206361767
1.98,18.9566899337114
1.981,16.0918253908837
1.982,18.682653092525
1.983,16.8305465105933
1.984,16.098128180418
1.985,16.2484745774617
1.986,18.3056214177928
1.987,19.5882940732904
1.988,17.8591005649002
1.989,15.3832649713966
1.99,16.4119861760167
1.991,21.4454908031886
1.992,16.5537707071188
1.993,16.9213245553846
1.994,20.3080776349291
1.995,15.1053319547336
1.996,19.1378916139968
1.997,16.8189555492792
1.998,16.2090699505835
1.999,19.5524832811796
2,17.8706306637765
2.001,18.2149550571049
2.002,18.1930459400573
2.003,17.9188268382169
2.004,15.7405493069374
2.005,15.0993744718992
2.006,18.4293416965337
2.007,16.2599178427465
2.008,20.6641097979063
2.009,16.6856035545501
2.01,18.0056204092749
2.011,20.9641215467811
2.012,17.0819085263154
2.013,17.8529579613434
2.014,16.7211136195492
2.015,20.1332950325905
2.016,17.5478045508461
2.017,19.3306248316113
2.018,16.2501092438305
2.019,13.7073786123988
2.02,16.8372655907036
2.021,19.2688679672322
2.022,18.3395613433524
2.023,16.3460453885311
2.024,16.7540154652128
2.025,14.8626712170509
2.026,18.0968699144805
2.027,15.0328942085319
2.028,17.2861569093472
2.029,14.321790693737
2.03,16.7297126327024
2.031,19.6775389424317
2.032,16.7256309547848
2.033,17.2663580868714
2.034,15.870652682829
2.035,13.8596931984963
2.036,18.9220496867484
2.037,19.2932989862466
2.038,16.9699547511142
2.039,17.0096958932015
2.04,16.859834667286
2.041,13.3877017931647
2.042,16.4037696878178
2.043,17.5589211885935
2.044,13.6049393850172
2.045,18.2314750634242
2.046,14.260128034768
2.047,15.7610585579428
2.048,14.1967417347089
2.049,15.239892323155
2.05,17.7884481461086
2.051,14.0188450486255
2.052,16.6466408857546
2.053,15.3598992965971
2.054,16.1523173703714
2.055,14.8508335586546
2.056,18.0873822441395
2.057,18.6653760417319
2.058,15.7096154012703
2.059,11.6903180495851
2.06,15.6406999550667
2.061,18.2315936129645
2.062,15.7624840577456
2.063,14.6861598626907
2.064,15.1756541545672
2.065,9.34218019109056
2.066,14.8680263040846
2.067,14.3449737428894
2.068,14.4599006133089
2.069,15.0788373838923
2.07,12.3994027819552
2.071,11.9649677216659
2.072,16.2869081147089
2.073,13.6791603467669
2.074,14.0576325780151
2.075,16.4149416461059
2.076,14.3255639340653
2.077,16.3301755008048
2.078,15.3652481085002
2.079,14.2461387672865
2.08,14.5959595193513
2.081,12.8115090189346
2.082,15.996457554067
2.083,16.7542618955718
2.084,16.0771460610869
2.085,15.3999194952743
2.086,13.2173318415703
2.087,11.2733421633433
2.088,13.5233836295044
2.089,17.0009951514652
2.09,15.7182577674977
2.091,13.5792190018266
2.092,12.4718461546062
2.093,12.2784609923869
2.094,12.5325662403185
2.095,13.7984453962785
2.096,13.4918861336115
2.097,12.615984871564
2.098,11.9939564203709
2.099,14.0296601480625
2.1,14.5579214690537
2.101,13.7412747883617
2.102,10.3766807749129
2.103,10.7362534681161
2.104,14.8200662194284
2.105,13.229878401329
2.106,11.6850821688013
2.107,18.6887112710688
2.108,16.0527810374027
2.109,15.0788647245194
2.11,13.7550935347604
2.111,13.4690878495913
2.112,17.917014811667
2.113,11.8278183335016
2.114,15.3163715788461
2.115,14.6646573737042
2.116,14.7988450611828
2.117,13.3729487810198
2.118,17.1188145590824
2.119,15.6633786527419
2.12,10.3907788642452
2.121,14.0416328013305
2.122,14.5352578072086
2.123,12.9915066551784
2.124,13.68218515619
2.125,15.878623975313
2.126,13.684064644853
2.127,16.601474405781
2.128,11.356881576569
2.129,12.2103305714068
2.13,12.5701199496302
2.131,14.0087192429616
2.132,13.854157830812
2.133,14.8711525450159
2.134,14.1661465221393
2.135,13.5711244521
2.136,14.2897018106267
2.137,15.5365176326043
2.138,14.4462215066309
2.139,9.52074511464573
2.14,10.998465046806
2.141,8.86223444577219
2.142,16.4538059573468
2.143,11.9856015069147
2.144,12.5308722226571
2.145,9.18643146251667
2.146,11.2301764684499
2.147,14.7107550967404
2.148,10.7016931747547
2.149,16.3924842560487
2.15,9.96185921690504
2.151,10.4925829347191
2.152,13.8727270829164
2.153,10.0089912262021
2.154,8.14774662798136
2.155,14.1301382272777
2.156,10.771797533193
2.157,12.2010741733595
2.158,12.2778216981718
2.159,15.7660158847447
2.16,13.6336540039862
2.161,13.4800696632426
2.162,13.7721959023506
2.163,9.33952329716513
2.164,12.2593443763526
2.165,13.6540772936052
2.166,12.80707357194
2.167,12.1985221675143
2.168,13.8716710741162
2.169,8.63036479601633
2.17,9.52528621371163
2.171,13.2942262631202
2.172,10.2456972303096
2.173,12.6065859505662
2.174,12.8766677209746
2.175,13.2298947075372
2.176,14.5171993108613
2.177,14.1379157793395
2.178,15.6413825630869
2.179,13.7532124677876
2.18,16.2874990996643
2.181,15.7896564261163
2.182,14.62587276611
2.183,18.1078521120057
2.184,14.0741223324531
2.185,15.2991641122861
2.186,14.5813481914947
2.187,17.0259989621176
2.188,11.8328258764004
2.189,12.6697800055179
2.19,13.8828123116482
2.191,14.2822483624116
2.192,14.2138491393834
2.193,13.6403189639187
2.194,12.9578614944625
2.195,11.6496733822353
2.196,11.4995019470203
2.197,16.343550543112
2.198,10.6364818831283
2.199,15.4757868700604
2.2,15.0372781245183
2.201,15.8652221881248
2.202,12.834044042871
2.203,15.4992861179444
2.204,15.0729191659469
2.205,16.7444937887349
2.206,13.9273204868001
2.207,18.8978020977619
2.208,17.3562757524032
2.209,15.6289819727797
2.21,15.3512568624584
2.211,13.4405220317437
2.212,16.5891945798499
2.213,16.5041660663798
2.214,17.1555185986618
2.215,15.455399885832
2.216,17.3457870662382
2.217,14.3532933402622
2.218,12.4852840462346
2.219,13.6105503588528
2.22,18.6462679077285
2.221,17.019290932747
2.222,13.2696732981481
2.223,15.3126039798274
2.224,16.5209125151293
2.225,15.3477255156678
2.226,19.0719027031948
2.227,15.8634287961018
2.228,15.3645874004107
2.229,14.9248515889404
2.23,15.2030767891959
2.231,15.8895930409928
2.232,12.0722840248371
2.233,17.9304266161163
2.234,15.9036761709073
2.235,19.5667153917454
2.236,18.5842511476987
2.237,14.0299006589356
2.238,17.519940631736
2.239,14.2927055267216
2.24,14.3982213916268
2.241,15.7941046478497
2.242,13.6215946748174
2.243,14.3117300760273
2.244,16.9289915009768
2.245,14.0779506054999
2.246,13.5367282205719
2.247,19.5853686547813
2.248,18.8679124131605
2.249,19.097170614728
2.25,17.9236416769409
2.251,16.7659561999142
2.252,19.5877493718408
2.253,20.3264974028262
2.254,15.9912301500083
2.255,21.1256774499622
2.256,13.7725227647414
2.257,13.9539874890583
2.258,16.013130366185
2.259,16.1776838985631
2.26,18.2822025716077
2.261,18.7330596359847
2.262,15.9198034320242
2.263,19.2817505002577
2.264,18.8148017157039
2.265,14.5505680076485
2.266,18.668518866288
2.267,19.691342019669
2.268,15.5396826061177
2.269,16.5088902172317
2.27,19.6523038608667
2.271,22.0858146741246
2.272,17.03962935243
2.273,17.1244946675898
2.274,18.8709931528813
2.275,17.3365680244241
2.276,16.170226715494
2.277,15.4323109486212
2.278,14.6512545802132
2.279,21.7587394885079
2.28,18.8732341005696
2.281,18.7177679454422
2.282,18.8017796896378
2.283,16.5749781449895
2.284,19.2748552786705
2.285,20.628842499308
2.286,15.0276285886876
2.287,19.0490670253773
2.288,18.6937064516894
2.289,19.0046865919701
2.29,18.420224620917
2.291,19.2739495155156
2.292,16.311020625587
2.293,19.5586162959774
2.294,18.9880590368244
2.295,17.9246040672515
2.296,19.6547978597111
2.297,17.6551813003595
2.298,17.8085308781595
2.299,19.7022545861236
2.3,17.9655308104798
2.301,15.7736131574053
2.302,15.7059330387353
2.303,17.3794296198681
2.304,22.7281689693542
2.305,23.6262024002993
2.306,18.9373902243365
2.307,16.0000001416746
2.308,19.1598185263046
2.309,20.5690542229981
2.31,24.3751145605969
2.311,22.7192867567375
2.312,18.5055631456276
2.313,16.950744040144
2.314,18.3995756527156
2.315,17.160042861071
2.316,22.1230913969056
2.317,18.6566007779269
2.318,19.1863363567951
2.319,17.833140431665
2.32,20.9410568902964
2.321,17.815258415106
2.322,21.1531426286622
2.323,17.7446018193005
2.324,20.3365248678367
2.325,18.8503637459354
2.326,21.3359241344387
2.327,18.4371511602304
2.328,18.4900070513996
2.329,17.9693550678004
2.33,19.7566185160652
2.331,19.0560980783267
2.332,18.9846490711074
2.333,22.0002827461026
2.334,22.7594329647465
2.335,19.5097137881886
2.336,24.0767658037516
2.337,21.9856907197947
2.338,23.7897996522367
2.339,18.355899421733
2.34,19.4000563731045
2.341,22.3200746869563
2.342,21.8228295947959
2.343,23.2228599818867
2.344,21.2488966458144
2.345,21.3318571543484
2.346,20.0062430697668
2.347,19.5863483819184
2.348,22.0130169860136
2.349,21.13729107023
2.35,20.7296095645707
2.351,21.8441910485217
2.352,19.3766813261681
2.353,18.9050070754407
2.354,22.2827504574989
2.355,21.5686749285373
2.356,17.5205110620152
2.357,19.5861013021946
2.358,17.0530096982919
2.359,22.3922882396269
2.36,21.9231916279956
2.361,21.2636370289815
2.362,21.8941553619393
2.363,19.5577781388881
2.364,19.9095240491244
2.365,20.926188609188
2.366,22.9377218706058
2.367,21.8611270750085
2.368,20.6207442638514
2.369,22.9413332271741
2.37,20.5727322815134
2.371,19.4484060614756
2.372,22.4151883827611
2.373,21.1982923999672
2.374,18.3359371283671
2.375,18.316834357476
2.376,19.007013811898
2.377,22.2457415240317
2.378,21.6099850074569
2.379,20.4839832553345
2.38,19.982895157076
2.381,20.6935355132948
2.382,22.976286818224
2.383,21.7490594462719
2.384,19.1376164021975
2.385,19.8096899538833
2.386,21.2156339430202
2.387,19.3559772102904
2.388,22.3310879547063
2.389,20.7514381116357
2.39,22.8847540904002
2.391,19.5057160814767
2.392,19.1434577209295
2.393,23.9157352558152
2.394,16.7357129234011
2.395,18.3524206545606
2.396,21.4918803329072
2.397,22.3855763415583
2.398,17.4116221393959
2.399,21.3580342748128
2.4,21.3004095145447
2.401,22.3176389013838
2.402,21.1713819344929
2.403,20.3074422259007
2.404,17.9455496257563
2.405,22.1353807634566
2.406,20.9728143996069
2.407,17.6099822651306
2.408,20.7181739717599
2.409,17.9200724016396
2.41,16.719227308316
2.411,18.4600183881446
2.412,19.4011886175631
2.413,21.6349562597351
2.414,18.795296880273
2.415,19.4473491915641
2.416,19.8682354723329
2.417,16.8021594376158
2.418,18.5150677988215
2.419,18.4077307803201
2.42,17.5968501062973
2.421,16.6222898153749
2.422,16.7614770916787
2.423,18.2678026096276
2.424,17.6078556112947
2.425,21.7982464955265
2.426,17.4146150925056
2.427,18.8655292582383
2.428,18.0339024705207
2.429,21.9227218780247
2.43,21.6037319439385
2.431,17.5621963419921
2.432,20.0932693521331
2.433,17.3294390921175
2.434,20.4188598388507
2.435,22.8801292199258
2.436,17.8143963427562
2.437,16.9243196203789
2.438,16.0397572868591
2.439,20.7061799419823
2.44,19.5303451486224
2.441,20.0457668843525
2.442,17.8595500530514
2.443,16.4895258705779
2.444,17.0833041633406
2.445,16.9906819478646
2.446,16.4246862528282
2.447,18.1903589248553
2.448,17.566015134241
2.449,20.3017168101282
2.45,17.0781602233185
2.451,19.6385987671205
2.452,15.9851861303146
2.453,21.8127489758163
2.454,18.2723963954242
2.455,17.8512774873704
2.456,17.0618480153662
2.457,16.7649696982929
2.458,16.8347098513176
2.459,17.0665439856062
2.46,20.3235273753487
2.461,18.7792448228418
2.462,17.6927690820349
2.463,15.6303370804229
2.464,14.2167237236607
2.465,21.2111856869598
2.466,17.2557848341691
2.467,17.2345149778158
2.468,15.2175750888518
2.469,18.6740322887397
2.47,15.6040268288702
2.471,19.152682775415
2.472,12.6311509054259
2.473,18.1606088850355
2.474,17.6532508670138
2.475,18.2554676577249
2.476,16.5609897164179
2.477,12.3617604117894
2.478,15.2306978769358
2.479,22.5539888857298
2.48,19.0483583976866
2.481,15.4600431647807
2.482,17.9943974240258
2.483,17.9244080114921
2.484,12.0267987213755
2.485,16.289842550203
2.486,12.8381652942511
2.487,19.1880240950592
2.488,18.7297221567307
2.489,19.7702960568566
2.49,20.8545556998092
2.491,16.8940667769657
2.492,15.6460540916278
2.493,17.261133227195
2.494,17.0765128239769
2.495,16.2711732809486
2.496,16.2098096133362
2.497,14.4977934279365
2.498,16.5980210443575
2.499,13.7735913014719
2.5,16.9697817360707
2.501,17.6465845528165
2.502,17.7169851915404
2.503,18.1425955661998
2.504,17.3697490001456
2.505,18.0400583887862
2.506,16.2207798728483
2.507,15.4476468441452
2.508,18.973302759784
2.509,12.459835263448
2.51,13.898857777485
2.511,14.4907556572339
2.512,17.2250569375993
2.513,13.2796251850677
2.514,15.8983421277407
2.515,16.9578152628084
2.516,15.2528615499681
2.517,17.2405960771772
2.518,17.1300245072721
2.519,20.5976689933323
2.52,12.9734849761876
2.521,14.6881406305479
2.522,17.686073992016
2.523,15.3931563287611
2.524,15.150815965075
2.525,14.217634403055
2.526,17.9313007548958
2.527,17.1093526562866
2.528,17.2790135421238
2.529,15.8986770234917
2.53,11.8898550145261
2.531,19.6895254944472
2.532,13.8054454314962
2.533,16.4869684477473
2.534,18.5237433130991
2.535,15.6044847798764
2.536,15.041478298661
2.537,16.6665521038843
2.538,14.5216139930878
2.539,13.7297210507194
2.54,10.6942281173361
2.541,14.6916571643799
2.542,15.3829234740841
2.543,18.0693411275062
2.544,16.4004200541177
2.545,17.0611840993777
2.546,14.5163820932776
2.547,17.7016502469995
2.548,16.7294635037433
2.549,14.1562561021856
2.55,15.0066969772543
2.551,11.8753295772937
2.552,13.02526225977
2.553,15.4352570038097
2.554,13.0637679872595
2.555,14.2489562101691
2.556,17.0828896811756
2.557,13.1991768676724
2.558,14.3305406962538
2.559,12.3722621251991
2.56,15.9612740527015
2.561,15.5690006771836
2.562,11.4227515337646
2.563,12.6703507373216
2.564,13.2524581808155
2.565,9.03350154589301
2.566,11.7608072962452
2.567,12.6902480863918
2.568,15.3343027012366
2.569,13.7428725109891
2.57,11.8936173295395
2.571,13.6150562272432
2.572,15.602196532524
2.573,13.8439707531078
2.574,11.4613424722592
2.575,20.1042525701734
2.576,14.5748595609548
2.577,17.1067291699357
2.578,19.4493551484481
2.579,16.5444255443143
2.58,13.8209042592263
2.581,9.93899109560562
2.582,10.9585835823535
2.583,13.0851876983182
2.584,14.3103421203057
2.585,17.6461938006328
2.586,18.7912248626081
2.587,15.7019938500848
2.588,11.4712837924311
2.589,13.5759708493712
2.59,18.4280538426333
2.591,13.9974459331948
2.592,13.814603328006
2.593,11.9636924469494
2.594,14.6103891639862
2.595,12.8296408899145
2.596,14.7786867496959
2.597,16.1731398011759
2.598,17.4224407493894
2.599,13.848839552689
2.6,18.7954248309701
2.601,17.4809767314131
2.602,12.1635414627017
2.603,17.1821681786083
2.604,14.8137366414741
2.605,11.9934910774076
2.606,16.3628493309746
2.607,15.7115248317268
2.608,14.9861561356238
2.609,14.0067708547443
2.61,11.6375203712723
2.611,18.5942245960671
2.612,16.3582260918856
2.613,17.1641063787723
2.614,14.734263290908
2.615,12.9284120995887
2.616,16.1172271008895
2.617,10.9663464959194
2.618,14.6348270813636
2.619,12.2638666416146
2.62,13.7616414764008
2.621,15.024612390662
2.622,15.548786667591
2.623,12.9709054826544
2.624,13.0726236086444
2.625,8.62707587111907
2.626,10.7005754881675
2.627,17.779901053747
2.628,14.3441820370796
2.629,14.7334966327717
2.63,11.0749314719051
2.631,12.7920109979529
2.632,9.55596789499095
2.633,10.3839331895104
2.634,10.4995065849022
2.635,9.74986526718397
2.636,10.7675582532315
2.637,11.0516058941015
2.638,11.9557352505577
2.639,15.9883081361498
2.64,17.5264110356433
2.641,11.934983361826
2.642,14.0954008293108
2.643,13.1709502496604
2.644,11.1335022647171
2.645,11.4326895719533
2.646,9.71050168455963
2.647,15.2197129224763
2.648,13.396383458276
2.649,15.6006742978381
2.65,11.9405438950426
2.651,12.6167865453176
2.652,14.4878331864064
2.653,13.376848329229
2.654,16.2847297908499
2.655,11.6574913875892
2.656,16.3646380314611
2.657,12.7147608922724
2.658,13.081156455968
2.659,12.4604868547186
2.66,12.2730396496025
2.661,16.7102109122946
2.662,11.73366911932
2.663,15.8964782268898
2.664,13.039163601505
2.665,13.1738037084092
2.666,13.5968186593025
2.667,13.1462637503943
2.668,10.6300377537313
2.669,11.2783250352938
2.67,14.1380579611988
2.671,12.6981510365311
2.672,13.6180569121644
2.673,14.5940338902559
2.674,13.5300410262876
2.675,12.3552800323981
2.676,13.0493681144291
2.677,15.9310460089872
2.678,14.5477507479142
2.679,14.7965185459523
2.68,14.9914836925012
2.681,15.0848579546928
2.682,11.62676590306
2.683,18.1381735965541
2.684,12.8391340069161
2.685,13.2211391248295
2.686,10.1197878780088
2.687,15.2909398764864
2.688,14.2563610051089
2.689,13.4874689651662
2.69,14.3316106238323
2.691,14.8178378857784
2.692,13.7946998545968
2.693,8.01059153105862
2.694,12.8450927903655
2.695,12.7197460119985
2.696,13.9137841974964
2.697,12.4329043032026
2.698,13.3149268749029
2.699,13.2102782969814
2.7,12.6590326914241
2.701,14.3499873735915
2.702,13.1610096242021
2.703,14.7374849269799
2.704,11.7844407057216
2.705,16.144463993026
2.706,11.2513223643319
2.707,12.3707116290031
2.708,9.97133393012031
2.709,11.6369110055112
2.71,15.4522175801459
2.711,13.8597066917547
2.712,10.992890312354
2.713,13.9080368075055
2.714,11.4469084089025
2.715,8.65805443090024
2.716,11.787216083889
2.717,16.8397232692046
2.718,13.2835122085545
2.719,8.88022233767412
2.72,14.2588500199676
2.721,16.7484777463466
2.722,12.7347537092794
2.723,12.5092797266091
2.724,14.013261806317
2.725,11.1282014436245
2.726,13.4024834320051
2.727,17.8854232985855
2.728,11.0068457521239
2.729,12.9072183201603
2.73,13.5852457099583
2.731,13.6350616514303
2.732,14.4874255742686
2.733,12.3072411040966
2.734,11.2184579938596
2.735,12.5791794037499
2.736,8.82287680065732
2.737,12.2503131982493
2.738,17.1433602399637
2.739,11.5422992698621
2.74,13.4041138812483
2.741,13.6889742667559
2.742,13.4610034900688
2.743,12.7939325141653
2.744,11.3314357032606
2.745,13.3513983519034
2.746,13.1208584024196
2.747,12.9515093926721
2.748,13.8396220297318
2.749,12.2441880338457
2.75,10.1909061683714
2.751,11.0265822741594
2.752,13.9848417654441
2.753,14.6507296539147
2.754,11.2698259673218
2.755,9.83242480371836
2.756,10.4578766164995
2.757,14.5776857312747
2.758,14.3807758383773
2.759,14.1041880766965
2.76,14.4753681985261
2.761,12.4224237908752
2.762,12.7945977753281
2.763,13.9315102870345
2.764,14.3380220454026
2.765,17.6534449731562
2.766,10.4709745845571
2.767,12.6581204449295
2.768,13.3180719884801
2.769,10.0491318936734
2.77,9.37333054467908
2.771,12.7268348308228
2.772,10.9450263355663
2.773,12.3766464338306
2.774,10.4203412028852
2.775,12.1603577526492
2.776,12.5577216495075
2.777,7.81108894163125
2.778,13.8830468759585
2.779,8.20751014515377
2.78,12.8378077310929
2.781,12.3519628869058
2.782,12.7725232956694
2.783,15.4047501410761
2.784,9.13325730183424
2.785,10.8686384969094
2.786,10.7319978930364
2.787,15.5406360292749
2.788,15.1419361833578
2.789,13.9797698601344
2.79,9.43201204907844
2.791,11.7546487181814
2.792,13.8512271695199
2.793,13.5789599473001
2.794,11.6119065009471
2.795,16.1031855742779
2.796,11.9223750126001
2.797,13.9746832279152
2.798,17.3529474345602
2.799,16.8905824737207
2.8,13.0252537073271
2.801,15.0520855910876
2.802,17.0286109363595
2.803,11.7255529937443
2.804,15.7221254383829
2.805,17.6498024237319
2.806,15.9765817316004
2.807,16.5260750565502
2.808,14.078515349326
2.809,11.5299825059723
2.81,12.7527428613451
2.811,17.4882025356658
2.812,14.5476796125322
2.813,16.1743489606583
2.814,12.4868814045072
2.815,11.0142295881527
2.816,10.5307358930995
2.817,15.3771000665879
2.818,10.5292141490979
2.819,17.878854400055
2.82,17.3807689695584
2.821,15.7466213971129
2.822,17.3060551125405
2.823,15.0792317364573
2.824,11.7027693109744
2.825,15.2031168665522
2.826,14.1804408492546
2.827,18.1477829289658
2.828,16.395153336676
2.829,16.6070103971427
2.83,15.1121664221761
2.831,14.1538543386852
2.832,16.5842300709848
2.833,15.228176045087
2.834,18.9709471340295
2.835,15.5322602944382
2.836,14.7573255277012
2.837,15.9925471104016
2.838,18.6745032815087
2.839,15.4576748778917
2.84,16.481836673342
2.841,13.7980471679686
2.842,17.079377358709
2.843,16.1500951598378
2.844,16.0995919991054
2.845,17.3677621700879
2.846,17.213942211462
2.847,17.2359135753101
2.848,23.3368469669563
2.849,19.4967730280022
2.85,20.8639417303931
2.851,20.8986942240127
2.852,17.0718007833736
2.853,16.7539568906451
2.854,14.470768666442
2.855,15.9397659384842
2.856,17.3998661861892
2.857,17.8682421206564
2.858,18.7843434763953
2.859,18.5225251359472
2.86,15.9093461691639
2.861,17.7165921522637
2.862,21.9350340383228
2.863,17.9340796335454
2.864,16.7738624479151
2.865,18.1908032350742
2.866,19.4566864461697
2.867,18.0859317752152
2.868,18.0871367066999
2.869,18.3358444713668
2.87,21.49727168441
2.871,20.8784371148119
2.872,17.760581679259
2.873,17.8501462872688
2.874,15.930235906198
2.875,21.7820001961057
2.876,19.3784134895158
2.877,19.1885434518389
2.878,20.1174842588582
2.879,17.2216747928373
2.88,18.06478013413
2.881,20.370039866552
2.882,19.4348753458846
2.883,16.0236004238195
2.884,18.6902347417506
2.885,20.8577531525537
2.886,22.5616034575938
2.887,20.6655937475614
2.888,20.8606654772041
2.889,19.6835925322274
2.89,21.1535466887056
2.891,21.9036102660495
2.892,19.0760664715539
2.893,23.0939157091421
2.894,17.710959348477
2.895,21.0446140551872
2.896,20.7522913176968
2.897,24.6151034275685
2.898,20.7501401104963
2.899,27.967135237783
2.9,20.9923076961929
2.901,20.180695096694
2.902,26.3968614811002
2.903,21.7489227196342
2.904,21.351229751322
2.905,22.2419790309239
2.906,20.0109311866115
2.907,19.1696916852443
2.908,20.8935814123677
2.909,22.4142504153314
2.91,24.6563495902698
2.911,24.8784172134559
2.912,23.4883788458586
2.913,25.0146762070494
2.914,27.9687429702708
2.915,24.0745257032585
2.916,24.7855730312063
2.917,22.3156878715798
2.918,25.422584233541
2.919,20.8119539230865
2.92,22.499048963011
2.921,21.5151724342275
2.922,22.2019794581584
2.923,27.4282971011392
2.924,23.0777861730532
2.925,22.7122942141573
2.926,25.740395941241
2.927,23.0979891706392
2.928,24.4633363783072
2.929,25.0123152924272
2.93,22.2283887247647
2.931,23.3438346363856
2.932,28.0201845370917
2.933,24.4982682713112
2.934,26.1355560628213
2.935,26.9614060079806
2.936,25.6309215961184
2.937,24.7997165959784
2.938,27.2188186995791
2.939,22.1632473532386
2.94,27.2309102436402
2.941,20.6141182007801
2.942,22.3965448289363
2.943,24.1680445169882
2.944,24.9411575271258
2.945,21.8976904109193
2.946,26.8466388759085
2.947,25.2031402172026
2.948,23.2217953160058
2.949,23.1104563236355
2.95,23.6576623112602
2.951,23.990721975446
2.952,25.5072726644611
2.953,25.7349982523252
2.954,24.7404740367421
2.955,25.8355018939664
2.956,24.7780112169222
2.957,26.5263117938774
2.958,29.3815185380006
2.959,28.0725344443561
2.96,25.5851033391202
2.961,26.7878825774193
2.962,26.251990232728
2.963,25.7921931582834
2.964,26.1030877323051
2.965,29.0656957351875
2.966,25.7962164432498
2.967,27.3654343687775
2.968,28.3076341113342
2.969,25.0541292605944
2.97,24.1786171434666
2.971,28.8623247771033
2.972,28.1665133259032
2.973,26.388462219472
2.974,29.8332540890968
2.975,28.270324249657
2.976,26.8876859989836
2.977,26.9007873896923
2.978,26.8591466827394
2.979,25.7439439371369
2.98,33.5550628261298
2.981,23.5250121637022
2.982,28.7501317956078
2.983,28.2907168324187
2.984,25.7711201775374
2.985,28.1471732556846
2.986,29.3107068101796
2.987,30.6778039179236
2.988,28.9129939688728
2.989,29.9410301569279
2.99,32.3861249461249
2.991,28.708666911537
2.992,27.8525703130865
2.993,26.2045430542723
2.994,30.887315307839
2.995,28.2251187469871
2.996,32.2074929322417
2.997,29.5613705232977
2.998,29.2252131146083
2.999,28.4406338234246
3,28.6185822214913
